{"cameraMode":{"drawMode":0,"name":"Shaded","section":"Shading Mode"},"sceneLighting":true,"audioPlay":false,"sceneViewState":{"showFog":true,"showMaterialUpdate":false,"showSkybox":true,"showFlares":true,"showImageEffects":true,"showParticleSystems":true},"in2DMode":false,"pivot":{"x":0.0,"y":0.7444325685501099,"z":0.17057248950004579},"rotation":{"x":-0.060788631439208987,"y":0.9180513024330139,"z":-0.3597812056541443,"w":-0.15512461960315705},"size":1.1920833587646485,"orthographic":true}